sample_id	gene_id	gene_symbol	chromosome	position	REF	ALT	Talos_category_1	Talos_category_2	Talos_category_3	Talos_category_4	PM5	AlphaMissense_class	AlphaMissense_score	inheritance_reason	genotypes	consequence	MANE_HGVSc	MANE_HGVSp	gnomAD_AF	ClinVar	ClinVar_stars	CADD	REVEL	SIFT	PolyPhen	panels	first_tagged	warnings	extra_technical_field
SAMPLE_1	ENSG00000184937	WT1	11	32392032	G	A	true	false	true	true	false	NA	NA	AD	"{""proband"":""Het"",""mother"":""WT"",""father"":""WT""}"	stop_gained	NA	p.Arg463Ter	5.00e-07	Pathogenic/Likely_pathogenic	1	38.0	NA	NA	NA	Proteinuria	2026-07-27	AB Ratio	ENST00000452863|ENSP00000415516|protein_coding|NA
SAMPLE_1	ENSG00000222328	RNU2-2	11	62841775	T	C	true	false	false	true	false	NA	NA	AD	"{""proband"":""Het"",""mother"":""WT"",""father"":""WT""}"	non_coding	NA	NA	0	Pathogenic/Likely_pathogenic	1	15.2	NA	NA	NA	Mendeliome	2026-07-27	NA	ENST00000615262|-|snRNA|-
SAMPLE_1	ENSG00000202538	RNU4-2	12	120291834	A	G	true	false	false	true	false	NA	NA	AD	"{""proband"":""Het"",""mother"":""WT"",""father"":""WT""}"	non_coding_transcript_exon_variant	NA	NA	0	Pathogenic/Likely_pathogenic	1	18.4	NA	NA	NA	Mendeliome	2026-07-27	NA	ENST00000615667|-|snRNA|-
SAMPLE_1	ENSG00000167522	ANKRD11	16	89279566	CCTTCGGGG	C	true	false	true	true	false	NA	NA	AD	"{""proband"":""Het"",""mother"":""WT"",""father"":""WT""}"	frameshift_variant	89279566CCTTCGGGG>C	p.Ala2323Glyfs*205	0	Pathogenic/Likely_pathogenic	1	34.0	NA	NA	NA	Mendeliome	2026-07-27	NA	ENST00000301030|ENSP00000301030|protein_coding|NA
SAMPLE_1	ENSG00000115866	DARS1	2	135912503	G	A	false	false	false	false	false	likely_pathogenic	0.7738	AR (Comp-Het)	"{""proband"":""Het"",""mother"":""Het"",""father"":""WT""}"	missense_variant	135912503G>A	p..Pro405Ser	1.50e-06	Uncertain_significance	0	25.8	0.488	deleterious(0.02)	possibly_damaging(0.734)	Mendeliome	2026-07-27	NA	ENST00000264161|ENSP00000264161|protein_coding|NA
SAMPLE_1	ENSG00000115866	DARS1	2	135920591	G	C	true	false	false	false	true	likely_pathogenic	0.895	AR (Comp-Het)	"{""proband"":""Het"",""mother"":""WT"",""father"":""Het""}"	missense_variant	NA	p.Ala274Gly	2.50e-06	Pathogenic/Likely_pathogenic	1	29.1	0.771	deleterious(0.00)	probably_damaging(0.997)	Mendeliome	2026-07-27	Low Read Depth	ENST00000264161|ENSP00000264161|protein_coding|NA
SAMPLE_1	ENSG00000170927	PKHD1	6	52043102	C	G	true	false	false	false	false	likely_pathogenic	0.8996	AR (Comp-Het)	"{""proband"":""Het"",""mother"":""Het"",""father"":""WT""}"	missense_variant	NA	p.Gly952Arg	0	Pathogenic/Likely_pathogenic	1	27.3	0.612	deleterious(0.01)	probably_damaging(0.981)	Mendeliome	2026-07-27	NA	ENST00000371117|ENSP00000360158|protein_coding|NA
SAMPLE_1	ENSG00000170927	PKHD1	6	52043699	T	A	false	false	false	true	true	likely_benign	0.0834	AD	"{""proband"":""Het"",""mother"":""WT"",""father"":""WT""}"	missense_variant	NA	p.His916Leu	NA	NA	0	22.1	0.204	tolerated(0.31)	benign(0.112)	Mendeliome	2026-07-27	NA	ENST00000371117|ENSP00000360158|protein_coding|NA
SAMPLE_1	ENSG00000205413	SAMD9	7	93105286	T	A	true	false	false	true	false	NA	NA	Autosomal Dominant	"{""proband"":""Het"",""mother"":""WT"",""father"":""WT""}"	missense_variant	ENST00000379958.3:c.812A>T	p.Tyr271Phe	0	NA	0	22.6	0.053	deleterious(0.050)	benign(0.406)	Mendeliome	2026-07-27	NA	ENST00000379958|ENSP00000369292|protein_coding|NA
SAMPLE_2	ENSG00000139323	POC1B	12	89470359	A	C	true	false	true	false	false	NA	NA	AR (Hom)	"{""proband"":""Hom"",""mother"":""Het"",""father"":""Het""}"	splice_donor_variant	NA	NA	5.00e-07	Pathogenic/Likely_pathogenic	1	31.0	NA	NA	NA	Mendeliome	2026-08-14	NA	ENST00000313546|ENSP00000322047|protein_coding|NA
SAMPLE_2	ENSG00000115866	DARS1	2	135912503	G	A	false	false	false	false	false	likely_pathogenic	0.7738	AR (Comp-Het)	"{""proband"":""Het"",""mother"":""WT"",""father"":""Het""}"	missense_variant	135912503G>A	p.Pro405Ser	1.50e-06	Uncertain_significance	0	25.8	0.488	deleterious(0.02)	possibly_damaging(0.734)	Mendeliome	2026-08-14	NA	ENST00000264161|ENSP00000264161|protein_coding|NA
SAMPLE_2	ENSG00000115866	DARS1	2	135920591	G	C	true	false	false	false	true	likely_pathogenic	0.895	AR (Comp-Het)	"{""proband"":""Het"",""mother"":""Het"",""father"":""WT""}"	missense_variant	NA	p.Ala274Gly	2.50e-06	Pathogenic/Likely_pathogenic	1	29.1	0.771	deleterious(0.00)	probably_damaging(0.997)	Mendeliome	2026-08-14	NA	ENST00000264161|ENSP00000264161|protein_coding|NA
SAMPLE_2	ENSG00000147168	IL2RG	X	71109321	G	A	true	false	false	false	false	ambiguous	0.4702	X-linked recessive	"{""proband"":""Hemi"",""mother"":""Het"",""father"":""WT""}"	missense_variant	NA	p..Arg222Cys	5.00e-07	Pathogenic/Likely_pathogenic	3	24.7	0.532	deleterious(0.03)	possibly_damaging(0.612)	Mendeliome;Immunological disorders_SuperPanel	2026-08-14	NA	ENST00000374202|ENSP00000363318|protein_coding|NA
